<!-- adapted from Peter Gilles and JuÌˆrgen Trouvain (2013). Luxembourgish. Journal of the International Phonetic Association, 43, pp 
	67-74 doi:10.1017/S0025100312000278 -->

<allophones name="sampa" xml:lang="lb" features="vlng vheight vfront vrnd ctype cplace cvox">
    <silence ph="_"/>

    <!-- native Luxembourgish vowels (monophthongs and diphthongs) -->

    <vowel ph="i:" vlng="l" vheight="1" vfront="1" vrnd="-"/>
    <vowel ph="e:" vlng="l" vheight="2" vfront="1" vrnd="-"/>
    <vowel ph="E:" vlng="l" vheight="2" vfront="1" vrnd="-"/>

    <vowel ph="a:" vlng="l" vheight="3" vfront="2" vrnd="-"/>
    <vowel ph="o:" vlng="l" vheight="2" vfront="3" vrnd="+"/>
    <vowel ph="u:" vlng="l" vheight="1" vfront="3" vrnd="+"/>
    <vowel ph="@" vlng="a" vheight="2" vfront="2" vrnd="-"/>

    <vowel ph="i" vlng="s" vheight="1" vfront="1" vrnd="-"/>
    <vowel ph="e" vlng="s" vheight="2" vfront="1" vrnd="-"/>
    <vowel ph="{" vlng="s" vheight="3" vfront="1" vrnd="-"/>
    <vowel ph="A" vlng="l" vheight="3" vfront="3" vrnd="-"/>
    <vowel ph="o" vlng="s" vheight="2" vfront="3" vrnd="+"/>
    <vowel ph="u" vlng="s" vheight="1" vfront="3" vrnd="+"/>
    <vowel ph="6" vlng="a" vheight="3" vfront="2" vrnd="-" ctype="r"/>

    <!-- additional long vowels from dictionary -->
    <vowel ph="A:" vlng="l" vheight="3" vfront="3" vrnd="-"/>
    <vowel ph="9:" vlng="l" vheight="2" vfront="2" vrnd="+"/>
    <vowel ph="O:" vlng="l" vheight="2" vfront="3" vrnd="+"/>

    <!-- diphthong attributes vheight and vfront indicate <i>start</i> of formant tranjectory -->
    <!-- diphthong attribute vrnd indicate <i>presence</i> of lip rounding anywhere in the trajectory -->
    <vowel ph="i@" vlng="d" vheight="1" vfront="1" vrnd="-"/>
    <vowel ph="EI" vlng="d" vheight="2" vfront="1" vrnd="-"/>
    <vowel ph="{:I" vlng="d" vheight="3" vfront="1" vrnd="-"/>
    <vowel ph="AI" vlng="d" vheight="3" vfront="3" vrnd="-"/>

    <vowel ph="u@" vlng="d" vheight="1" vfront="3" vrnd="+"/>
    <vowel ph="@U" vlng="d" vheight="2" vfront="2" vrnd="+"/>
    <vowel ph="{:U" vlng="d" vheight="3" vfront="1" vrnd="+"/>
    <vowel ph="AU" vlng="d" vheight="3" vfront="3" vrnd="+"/>

    <!-- additional vowels imported from German -->
    <vowel ph="y:" vlng="l" vheight="1" vfront="2" vrnd="+"/>
    <vowel ph="y" vlng="s" vheight="1" vfront="2" vrnd="+"/>
    <vowel ph="2:" vlng="l" vheight="2" vfront="2" vrnd="+"/>
    <vowel ph="2" vlng="s" vheight="2" vfront="2" vrnd="+"/>

    <vowel ph="I" vlng="s" vheight="1" vfront="1" vrnd="-"/>
    <vowel ph="Y" vlng="s" vheight="1" vfront="2" vrnd="+"/>
    <vowel ph="E" vlng="s" vheight="2" vfront="1" vrnd="-"/>
    <vowel ph="9" vlng="s" vheight="2" vfront="2" vrnd="+"/>
    <vowel ph="U" vlng="s" vheight="1" vfront="3" vrnd="+"/>
    <vowel ph="O" vlng="s" vheight="2" vfront="3" vrnd="+"/>
    <vowel ph="a" vlng="s" vheight="3" vfront="2" vrnd="-"/>

    <vowel ph="aI" vlng="d" vheight="3" vfront="1" vrnd="-"/>
    <vowel ph="OY" vlng="d" vheight="2" vfront="3" vrnd="+"/>
    <vowel ph="aU" vlng="d" vheight="3" vfront="2" vrnd="+"/>

    <!-- additional vowels imported from French -->
    <vowel ph="3" vlng="l" vheight="1" vfront="1" vrnd="-"/>

    <vowel ph="a~:" vlng="l" vheight="3" vfront="2" vrnd="-" ctype="n"/>
    <vowel ph="E~:" vlng="l" vheight="2" vfront="1" vrnd="-" ctype="n"/>
    <vowel ph="O~:" vlng="l" vheight="2" vfront="3" vrnd="+" ctype="n"/>
    <vowel ph="o~:" vlng="l" vheight="2" vfront="3" vrnd="+" ctype="n"/>
    <vowel ph="9~:" vlng="l" vheight="2" vfront="2" vrnd="+" ctype="n"/>

    <!-- and their versions in French MaryTTS -->
    <vowel ph="e~" vlng="l" vheight="2" vfront="1" vrnd="-" ctype="n"/>
    <vowel ph="a~" vlng="l" vheight="3" vfront="2" vrnd="-" ctype="n"/>
    <vowel ph="o~" vlng="l" vheight="2" vfront="3" vrnd="+" ctype="n"/>
    <vowel ph="9~" vlng="l" vheight="2" vfront="2" vrnd="+" ctype="n"/>
    <vowel ph="0" vlng="s" vheight="2" vfront="3" vrnd="+"/>

    <!-- additional vowels imported from English -->
    <vowel ph="V" vlng="s" vheight="2" vfront="2" vrnd="-"/>

    <vowel ph="OI" vlng="d" vheight="2" vfront="3" vrnd="+"/>


    <!-- native Luxembourgish consonants -->

    <consonant ph="p" ctype="s" cplace="l" cvox="-"/>
    <consonant ph="t" ctype="s" cplace="a" cvox="-"/>
    <consonant ph="k" ctype="s" cplace="v" cvox="-"/>

    <consonant ph="f" ctype="f" cplace="b" cvox="-"/>
    <consonant ph="s" ctype="f" cplace="a" cvox="-"/>
    <consonant ph="S" ctype="f" cplace="p" cvox="-"/>
    <consonant ph="X" ctype="f" cplace="u" cvox="-"/>
    <consonant ph="h" ctype="f" cplace="g" cvox="-"/>
    <!--<consonant ph="ts" ctype="a" cplace="a" cvox="-"/>-->

    <consonant ph="m" ctype="n" cplace="l" cvox="+"/>
    <consonant ph="n" ctype="n" cplace="a" cvox="+"/>
    <consonant ph="N" ctype="n" cplace="v" cvox="+"/>

    <consonant ph="b" ctype="s" cplace="l" cvox="+"/>
    <consonant ph="d" ctype="s" cplace="a" cvox="+"/>
    <consonant ph="g" ctype="s" cplace="v" cvox="+"/>

    <consonant ph="v" ctype="f" cplace="b" cvox="+"/>
    <consonant ph="z" ctype="f" cplace="a" cvox="+"/>
    <consonant ph="Z" ctype="f" cplace="p" cvox="+"/>
    <consonant ph="R" ctype="l" cplace="u" cvox="+"/>

    <consonant ph="tS" ctype="a" cplace="p" cvox="-"/>
    <consonant ph="w" ctype="r" cplace="l" cvox="+"/>
    <consonant ph="l" ctype="l" cplace="a" cvox="+"/>
    <consonant ph="j" ctype="r" cplace="p" cvox="+"/>

    <!-- additional consonants imported from German -->

    <consonant ph="x" ctype="f" cplace="u" cvox="-"/>
    <consonant ph="C" ctype="f" cplace="v" cvox="-"/>

    <consonant ph="pf" ctype="a" cplace="l" cvox="-"/>

    <consonant ph="?" ctype="s" cplace="g" cvox="-"/>

    <!-- additional consonants imported from French -->

    <consonant ph="J" ctype="n" cplace="p" cvox="+"/>
    <consonant ph="H" ctype="r" cplace="l" cvox="+"/>

    <!-- additional consonants imported from English -->

    <consonant ph="dZ" ctype="a" cplace="p" cvox="+"/>

    <consonant ph="T" ctype="f" cplace="d" cvox="-"/>
    <consonant ph="D" ctype="f" cplace="d" cvox="+"/>

    <consonant ph="r" ctype="r" cplace="a" cvox="+"/>
</allophones>
